"","count","lat","lon"
"2",1,-42.8821377,147.3271949
"3",1,-41.2923682,174.7724295
"4",1,-38.416097,-63.616672
"5",1,-37.813611,144.963056
"6",1,-35.675147,-71.542969
"7",1,-34.6044174,-58.3902078
"8",2,-34.6036844,-58.3815591
"9",1,-34.5810346,-58.4743258
"10",1,-33.9248685,18.4240553
"11",1,-33.8701158,151.2089158
"12",1,-33.4488897,-70.6692655
"13",1,-31.954,115.876
"14",1,-31.9505269,115.8604572
"15",1,-30.559482,22.937506
"16",1,-30.0346471,-51.2176584
"17",1,-28.6104322,153.1932534
"18",1,-26.65,153.066667
"19",1,-25.7478676,28.2292712
"20",2,-25.274398,133.775136
"21",2,-23.5410372,-46.6451976
"22",1,-22.9068467,-43.1728965
"23",1,-22.8387571,-43.3241817
"24",1,-22.8272883,-43.0637646
"25",1,-22.328474,24.684866
"26",1,-14.235004,-51.92528
"27",2,-12.2720956,-76.2710833
"28",1,-10.1771997,123.6070329
"29",1,-9.6498487,-35.7089492
"30",2,-9.189967,-75.015152
"31",1,-7.5360639,112.2384017
"32",1,-7.460987,111.3321974
"33",1,-6.7765974,-79.8442978
"34",1,-6.4024844,106.7942405
"35",1,-5.2574467,-36.7170585
"36",1,-1.831239,-78.183406
"37",1,-1.2920659,36.8219462
"38",1,-0.789275,113.921327
"39",2,-0.023559,37.906193
"40",1,1.352083,103.819836
"41",1,3.5379718,-76.2971657
"42",1,3.5951956,98.6722227
"43",1,3.7633859,103.2201828
"44",2,4.210484,101.975766
"45",1,4.570868,-74.297333
"46",1,5.980408,116.0734568
"47",1,6.9214424,122.0790267
"48",1,8.5873638,81.2152121
"49",1,8.5913073,-63.9586111
"50",2,8.9823792,-79.5198696
"51",1,9.9280694,-84.0907246
"52",1,10.2313205,-67.2847875
"53",1,10.431916,-64.183316
"54",1,10.5057527,-66.9347651
"55",1,12.52111,-69.968338
"56",1,12.879721,121.774017
"57",1,12.9276082,100.8770813
"58",1,12.9336846,77.6271223
"59",3,12.9715987,77.5945627
"60",1,12.9720556,80.2203694
"61",1,13.1992334,80.196693
"62",3,13.7563309,100.5017651
"63",1,13.7739146,100.5188202
"64",1,13.8055921,100.5751994
"65",1,14.058324,108.277199
"66",1,14.5401107,-74.9676365
"67",1,14.6070701,121.0172945
"68",1,14.6760413,121.0437003
"69",3,15.783471,-90.230759
"70",1,15.8496953,74.4976741
"71",2,15.870032,100.992541
"72",1,17.385044,78.486671
"73",1,17.758076,83.334056
"74",1,17.8409173,-92.6189273
"75",3,18.220833,-66.590149
"76",1,18.3691963,-66.1659674
"77",2,18.5204303,73.8567437
"78",1,18.7249031,-95.9847859
"79",1,19.0412967,-98.2061996
"80",1,19.0446282,-98.201064
"81",3,19.0759837,72.8776559
"82",1,19.3923941,-99.2129898
"83",4,19.4326077,-99.133208
"84",1,19.8967662,-155.5827818
"85",1,20.1010608,-98.7591311
"86",7,20.593684,78.96288
"87",1,20.6596988,-103.3496092
"88",1,21.7051358,72.9958748
"89",1,22.258652,71.1923805
"90",1,22.3038945,70.8021599
"91",1,22.4486944,39.1335549
"92",1,22.744446,-98.9759252
"93",1,23.132191,113.266531
"94",1,23.424076,53.847818
"95",8,23.634501,-102.552784
"96",2,23.684994,90.356331
"97",1,23.810332,90.4125181
"98",1,23.885942,45.079162
"99",1,24.3963061,68.93384
"100",1,25.216667,55.166667
"101",1,25.6775595,-100.2596935
"102",1,25.6866142,-100.3161126
"103",1,25.7493469,-100.2868973
"104",5,25.7616798,-80.1917902
"105",1,25.7826123,-80.1340772
"106",1,26.1669711,-80.256595
"107",1,26.2034071,-98.2300124
"108",1,26.640628,-81.8723084
"109",1,26.7271012,88.3952861
"110",1,26.9124336,75.7872709
"111",7,27.6648274,-81.5157535
"112",1,27.950575,-82.4571776
"113",1,28.0434726,-82.472568
"114",1,28.0582985,-81.8661442
"115",1,28.2143574,-82.7350514
"116",1,28.3647248,-82.1959178
"117",1,28.373949,-81.551844
"118",1,28.394857,84.124008
"119",1,28.4743207,-81.4678193
"120",2,28.5383355,-81.3792365
"121",1,28.6122187,-80.8075537
"122",2,28.6139391,77.2090212
"123",1,28.6329957,-106.0691004
"124",1,29.0587757,76.085601
"125",1,29.0971845,75.9637413
"126",1,29.3909464,76.9635023
"127",1,29.423035,-98.4908102
"128",1,29.4241219,-98.4936282
"129",1,29.5635666,-95.2860474
"130",1,29.5815012,74.3294199
"131",1,29.5844524,-81.2078699
"132",1,29.5957696,-90.7195348
"133",1,29.6150433,-98.3168216
"134",1,29.6910625,-95.2091006
"135",1,29.7030024,-98.1244531
"136",6,29.7604267,-95.3698028
"137",1,29.7927238,-95.742248
"138",1,29.8082883,75.8257955
"139",1,29.9510658,-90.0715323
"140",1,30.0085542,-97.1594321
"141",1,30.1658207,-95.4612625
"142",1,30.220194,-95.571231
"143",1,30.267153,-97.7430608
"144",1,30.2752011,-98.8719843
"145",1,30.2949457,-82.98402
"146",1,30.3609069,-97.9526035
"147",1,30.375321,69.345116
"148",2,30.421309,-87.2169149
"149",1,30.4228993,-94.9462046
"150",1,30.4382559,-84.2807329
"151",2,30.9842977,-91.9623327
"152",1,31.1075832,77.1667792
"153",1,31.1240175,75.777846
"154",1,31.3610195,-97.3813176
"155",1,31.8087678,-85.969951
"156",1,31.956256,-86.313257
"157",10,31.9685988,-99.9018131
"158",3,32.1656221,-82.9000751
"159",1,32.2268212,-95.2255041
"160",1,32.3182314,-86.902298
"161",1,32.3199396,-106.7636538
"162",1,32.3546679,-89.3985283
"163",1,32.3881861,-98.9792336
"164",1,32.4706777,-100.0128739
"165",1,32.5232053,-92.637927
"166",1,32.691725,-96.4469015
"167",2,32.715738,-117.1610838
"168",1,32.742923,-97.7428165
"169",1,32.7554883,-97.3307658
"170",1,32.7766642,-96.7969879
"171",1,32.8163594,-96.8300995
"172",1,32.8546197,-79.9748103
"173",1,33.0806083,-96.8928309
"174",1,33.1972465,-96.6397822
"175",1,33.3128057,44.3614875
"176",1,33.4353394,-112.3576567
"177",2,33.4483771,-112.0740373
"178",1,33.5510021,-79.0414261
"179",1,33.6000232,-117.6719953
"180",1,33.6407282,-84.4277001
"181",1,33.6771203,-117.8167973
"182",1,33.7455731,-117.8678338
"183",4,33.7489954,-84.3879824
"184",1,33.7525129,-84.3898086
"185",1,33.7700504,-118.1937395
"186",1,33.7739053,-117.9414477
"187",1,33.783315,-84.3831166
"188",1,33.8495713,-118.3962867
"189",2,33.854721,35.862285
"190",1,33.8752935,-117.5664384
"191",1,33.932414,-84.516481
"192",1,33.9934867,-81.0739825
"193",1,34.0007104,-81.0348144
"194",1,34.0246348,-118.3815981
"195",1,34.0297895,-118.2117257
"196",2,34.0489281,-111.0937311
"197",1,34.050751,-118.3841777
"198",8,34.0522342,-118.2436849
"199",1,34.0564227,-118.4136037
"200",1,34.0565284,-117.8215295
"201",2,34.0900091,-118.3617443
"202",1,34.0928092,-118.3286614
"203",1,34.1140497,-83.9811014
"204",1,34.1367208,-118.6614809
"205",1,34.1808392,-118.3089661
"206",1,34.1975048,-119.1770516
"207",1,34.1998735,-119.1782662
"208",3,34.2331373,-102.4107493
"209",1,34.2421285,-77.8291259
"210",1,34.3614336,-86.3442107
"211",1,34.4812062,-87.2933533
"212",1,34.6391501,-120.4579409
"213",1,34.7303688,-86.5861037
"214",2,35.0853336,-106.6055534
"215",1,35.1495343,-90.0489801
"216",1,35.1801883,136.9065647
"217",1,35.1814464,136.906398
"218",1,35.1894378,-118.6071884
"219",1,35.20105,-91.8318334
"220",1,35.2225668,-97.4394777
"221",1,35.2248034,-88.2492037
"222",3,35.2270869,-80.8431267
"223",1,35.262082,-81.1873005
"224",1,35.2625038,-77.5826165
"225",1,35.3732921,-119.0187125
"226",1,35.4087517,-80.579511
"227",4,35.5174913,-86.5804473
"228",1,35.612661,-77.3663538
"229",1,35.6547949,-120.9008428
"230",2,35.6894875,139.6917064
"231",1,35.6938401,139.7035494
"232",1,35.7090259,139.7319925
"233",1,35.7344538,-81.3444573
"234",1,35.7595731,-79.0192997
"235",1,35.79154,-78.7811169
"236",1,35.937496,14.375416
"237",2,35.9606384,-83.9207392
"238",1,36.0594772,-102.5132497
"239",1,36.0645115,-94.1619468
"240",1,36.071217,-80.29983
"241",1,36.1626638,-86.7816016
"242",7,36.1699412,-115.1398296
"243",3,36.204824,138.252924
"244",10,36.778261,-119.4179324
"245",1,36.8090377,-119.7732666
"246",1,36.8349388,-119.7967147
"247",1,36.8354258,-76.2982742
"248",1,37.0298687,-76.3452218
"249",23,37.09024,-95.712891
"250",1,37.2635727,127.0286009
"251",2,37.3382082,-121.8863286
"252",1,37.358859,-122.019246
"253",1,37.447978,-122.159285
"254",1,37.4852152,-122.2363548
"255",1,37.566535,126.9779692
"256",1,37.6688205,-122.0807964
"257",1,37.6871761,-97.330053
"258",1,37.7107484,-120.1972129
"259",3,37.7749295,-122.4194155
"260",1,37.7977687,-121.9202514
"261",1,37.8043637,-122.2711137
"262",3,37.8271784,-122.2913078
"263",3,37.8393332,-84.2700179
"264",2,37.9642529,-91.8318334
"265",1,38.291859,-122.4580356
"266",1,38.4192496,-82.445154
"267",1,38.5631744,-76.0788292
"268",1,38.5976262,-80.4549026
"269",1,38.6265124,-76.9105483
"270",5,38.6270025,-90.1994042
"271",1,38.7309378,-90.3889622
"272",1,38.8375215,-120.8958242
"273",3,38.9071923,-77.0368707
"274",1,38.9181671,-78.1944446
"275",1,38.927775,-77.216339
"276",1,38.9431183,-84.544109
"277",1,38.963745,35.243322
"278",1,38.9723048,-94.7294627
"279",1,39.0256651,-77.0763669
"280",1,39.0420509,-94.6126055
"281",2,39.0457549,-76.6412712
"282",1,39.0795529,-77.0730338
"283",4,39.0997265,-94.5785667
"284",1,39.1031182,-84.5120196
"285",1,39.1329219,-84.5149504
"286",1,39.2963286,-119.7761221
"287",1,39.3209801,-111.0937311
"288",1,39.4523385,-74.7276626
"289",3,39.5500507,-105.7820674
"290",1,39.5661785,-103.2115118
"291",3,39.7392358,-104.990251
"292",1,39.768403,-86.158068
"293",1,39.7777755,-75.7716437
"294",1,39.8675693,-104.8730088
"295",1,39.9525839,-75.1652215
"296",1,39.9562052,-75.058009
"297",1,39.9611755,-82.9987942
"298",1,39.9811932,-75.1553506
"299",1,40.0577277,-79.0611183
"300",7,40.0583238,-74.4056612
"301",1,40.0812601,-75.1370254
"302",1,40.0994425,-74.9325683
"303",1,40.1584814,-83.0202001
"304",1,40.1893942,-105.1781092
"305",4,40.2671941,-86.1349019
"306",1,40.2897815,-74.2876618
"307",1,40.3470671,-79.8641232
"308",1,40.387481,-104.5616256
"309",5,40.4172871,-82.907123
"310",1,40.4406248,-79.9958864
"311",1,40.463667,-3.74922
"312",1,40.5649781,-111.8389726
"313",1,40.5795317,-74.1502007
"314",1,40.6071081,-74.1606613
"315",1,40.6084305,-75.4901833
"316",1,40.6234671,-79.1783725
"317",5,40.6331249,-89.3985283
"318",2,40.6781784,-73.9441579
"319",1,40.6789893,-73.4170673
"320",1,40.6802407,-73.6506776
"321",1,40.6926469,-73.9950857
"322",1,40.703295,-74.0110306
"323",1,40.7074909,-74.0112764
"324",1,40.7120452,-73.9363283
"325",17,40.7127837,-74.0059413
"326",1,40.7422572,-73.6742323
"327",1,40.7539128,-73.9864173
"328",1,40.7672006,-83.8297433
"329",2,40.774716,-74.694929
"330",1,40.7882723,-80.1436057
"331",1,40.789142,-73.134961
"332",1,40.7898451,-73.097568
"333",1,40.8091068,-73.9228881
"334",1,40.8115504,-73.9464769
"335",1,40.8257625,-96.6851982
"336",1,40.9358196,-73.9006631
"337",1,40.9928842,-83.2311169
"338",1,41.0192641,-73.6834621
"339",2,41.0814447,-81.5190053
"340",1,41.1014451,-81.441779
"341",1,41.1628731,-73.8615246
"342",1,41.1828302,-83.6782668
"343",5,41.2033216,-77.1945247
"344",1,41.3329867,21.5393309
"345",1,41.375049,-81.9081937
"346",1,41.3978217,-82.2223774
"347",4,41.4124339,-81.8479925
"348",1,41.4187924,-75.6560278
"349",1,41.4219889,-82.3646068
"350",1,41.4333909,-96.4981467
"351",2,41.4925374,-99.9018131
"352",10,41.49932,-81.6943605
"353",1,41.6032207,-73.087749
"354",1,41.6289365,-81.3614985
"355",1,41.6488696,-0.8897421
"356",1,41.76531,-87.5856422
"357",1,41.7745392,-84.942083
"358",1,41.8402756,-86.3624655
"359",3,41.8780025,-93.097702
"360",11,41.8781136,-87.6297982
"361",1,41.909611,-87.771964
"362",1,41.9174577,-87.7194819
"363",1,41.9227067,-87.6802748
"364",1,41.9517033,-87.6756134
"365",1,42.0697509,-87.7878408
"366",1,42.0719866,-83.9716095
"367",1,42.2411499,-83.6129939
"368",1,42.3408422,-83.3893686
"369",3,42.3600825,-71.0588801
"370",1,42.4072107,-71.3824374
"371",1,42.43472,-83.985
"372",1,42.4390069,-123.3283925
"373",1,42.4782758,-83.7411631
"374",1,42.4989936,-83.3677168
"375",1,42.5412494,-75.5258502
"376",1,42.6525793,-73.7562317
"377",1,42.7309977,-118.6290799
"378",1,42.844668,-73.8183804
"379",1,42.8864468,-78.8783689
"380",1,42.891868,-78.882945
"381",1,42.9849233,-81.2452768
"382",1,43.0405846,-87.9196785
"383",1,43.0454659,-87.9234183
"384",1,43.1198091,131.8869243
"385",1,43.1472805,-71.8874833
"386",1,43.6187102,-116.2146068
"387",8,43.653226,-79.3831843
"388",1,43.6971294,-114.3517172
"389",1,43.7012135,7.2743197
"390",1,43.7508284,-87.71453
"391",2,43.7844397,-88.7878678
"392",1,43.786648,7.44438
"393",1,43.8041334,-120.5542012
"394",4,43.8169837,-79.532157
"395",1,43.9653889,-70.8226541
"396",1,43.9695148,-99.9018131
"397",1,43.993623,-78.60736
"398",1,44.0520691,-123.0867536
"399",3,44.3148443,-85.6023643
"400",1,44.5660691,-92.5369563
"401",1,44.7717522,-96.6876197
"402",1,44.811349,-91.4984941
"403",1,44.871303,-93.406255
"404",1,44.9077453,-116.0985554
"405",1,44.9192844,-123.3170472
"406",1,44.926408,-88.7485999
"407",1,44.9537029,-93.0899578
"408",1,44.977753,-93.2650108
"409",1,45.0644418,-93.3083319
"410",1,45.2969151,-75.926823
"411",1,45.4654219,9.1859243
"412",1,45.485287,-122.542636
"413",3,45.5016889,-73.567256
"414",1,45.5230622,-122.6764816
"415",1,45.8080597,9.0851765
"416",1,46.1381676,-122.9381672
"417",1,46.227638,2.213749
"418",1,46.3237423,-120.0086538
"419",1,46.510712,-63.4168136
"420",1,46.729553,-94.6858998
"421",4,46.8138783,-71.2079809
"422",1,47.1584462,-122.3775948
"423",1,47.255961,-122.473299
"424",1,47.5514926,-101.0020119
"425",7,47.6062095,-122.3320708
"426",1,47.6101497,-122.2015159
"427",1,47.67648,-116.796398
"428",1,47.7510741,-120.7401386
"429",1,48.1446427,6.3355935
"430",1,48.4751998,-81.3318545
"431",1,48.475753,-122.329437
"432",1,48.7074303,2.1750239
"433",1,48.7786908,-123.7079416
"434",1,48.856614,2.3522219
"435",1,48.8798704,0.1712529
"436",1,49.0270129,1.151361
"437",1,49.1966913,-123.1815123
"438",5,49.2827291,-123.1207375
"439",1,49.3348973,-123.1667847
"440",1,49.714528,7.3071512
"441",3,51.0486151,-114.0708459
"442",1,51.052672,-114.0369791
"443",1,51.165691,10.451526
"444",2,51.253775,-85.3232139
"445",1,51.2787075,0.5217254
"446",1,51.4519021,0.1171786
"447",2,51.454513,-2.58791
"448",1,51.4740846,-0.0930137
"449",3,51.5073509,-0.1277583
"450",1,51.5554913,-107.9910335
"451",1,52.2446266,4.8317337
"452",2,52.3555177,-1.1743197
"453",1,52.6308859,1.297355
"454",1,52.9547832,-1.1581086
"455",1,53.347233,-6.277168
"456",1,53.5587003,108.1649964
"457",1,53.592974,-113.571707
"458",1,53.6823877,-2.7021047
"459",1,53.7632254,-2.7044052
"460",1,53.9332706,-116.5765035
"461",1,54.3520252,18.6466384
"462",1,54.516246,-6.0580106
"463",1,55.185467,-1.513952
"464",3,55.378051,-3.435973
"465",1,55.755826,37.6173
"466",5,56.130366,-106.346771
"467",1,60.472024,8.468946
"468",1,61.52401,105.318756
"469",1,62.4113634,-149.0729715
"470",1,64.2008413,-149.4936733
"1",1,-41.2923682,174.7724295
"2100",1,-30.559482,22.937506
"3100",1,-28.6104322,153.1932534
"4100",1,-28.016667,153.4
"5100",1,-22.8272883,-43.0637646
"6100",1,-5.2574467,-36.7170585
"754",1,4.570868,-74.297333
"810",1,10.2313205,-67.2847875
"910",1,10.431916,-64.183316
"1010",2,13.7563309,100.5017651
"1110",1,13.8055921,100.5751994
"1210",1,15.870032,100.992541
"1310",1,17.758076,83.334056
"1410",1,18.220833,-66.590149
"1510",1,19.0759837,72.8776559
"1610",2,19.4326077,-99.133208
"1710",1,20.1010608,-98.7591311
"1810",1,22.744446,-98.9759252
"1910",1,23.684994,90.356331
"2010",1,24.3963061,68.93384
"2110",1,25.216667,55.166667
"2210",1,26.7271012,88.3952861
"2310",1,26.9124336,75.7872709
"2410",1,27.6648274,-81.5157535
"2510",1,28.0582985,-81.8661442
"2610",1,28.0587031,-82.4138539
"2710",1,28.4743207,-81.4678193
"2810",1,29.3909464,76.9635023
"2910",1,29.423035,-98.4908102
"3010",5,29.7604267,-95.3698028
"3110",1,29.9510658,-90.0715323
"3210",1,30.2949457,-82.98402
"3310",1,30.375321,69.345116
"3410",1,30.421309,-87.2169149
"3510",2,30.9842977,-91.9623327
"3610",4,31.9685988,-99.9018131
"3710",1,32.1656221,-82.9000751
"3810",1,32.3881861,-98.9792336
"3910",1,32.742923,-97.7428165
"4010",1,32.7554883,-97.3307658
"4110",1,33.0806083,-96.8928309
"4210",2,33.7489954,-84.3879824
"4310",1,34.0489281,-111.0937311
"4410",1,34.0522342,-118.2436849
"4510",1,34.0565284,-117.8215295
"4610",1,34.1367208,-118.6614809
"4710",1,34.2331373,-102.4107493
"4810",1,34.4812062,-87.2933533
"4910",1,35.2248034,-88.2492037
"5010",1,35.2270869,-80.8431267
"5110",1,35.5174913,-86.5804473
"5210",1,35.6894875,139.6917064
"5310",1,36.071217,-80.29983
"5410",1,36.1626638,-86.7816016
"5510",1,36.1699412,-115.1398296
"5610",1,36.204824,138.252924
"5710",2,36.778261,-119.4179324
"5810",8,37.09024,-95.712891
"5910",1,38.4192496,-82.445154
"6010",1,38.6270025,-90.1994042
"6110",1,38.9071923,-77.0368707
"6210",1,38.9181671,-78.1944446
"6310",1,39.0457549,-76.6412712
"6410",1,40.0067623,-75.1428632
"6510",1,40.0141905,-83.0309143
"6610",1,40.2671941,-86.1349019
"6710",1,40.5649781,-111.8389726
"6810",1,40.6071081,-74.1606613
"6910",4,40.7127837,-74.0059413
"7010",1,40.7539128,-73.9864173
"7110",1,40.7672006,-83.8297433
"7210",1,40.789142,-73.134961
"7310",1,40.7898451,-73.097568
"7410",1,40.8091068,-73.9228881
"755",1,40.8257625,-96.6851982
"761",1,40.9358196,-73.9006631
"771",2,41.2033216,-77.1945247
"781",1,41.4124339,-81.8479925
"791",4,41.49932,-81.6943605
"801",2,41.8780025,-93.097702
"811",3,41.8781136,-87.6297982
"821",1,42.2573607,-71.7912002
"831",1,42.3600825,-71.0588801
"841",1,42.4072107,-71.3824374
"851",1,42.4989936,-83.3677168
"861",1,42.6525793,-73.7562317
"871",1,42.844668,-73.8183804
"881",1,43.0405846,-87.9196785
"891",1,43.7508284,-87.71453
"901",1,43.7844397,-88.7878678
"911",1,43.8169837,-79.532157
"921",1,43.993623,-78.60736
"931",1,44.9192844,-123.3170472
"941",1,45.4654219,9.1859243
"951",1,45.485287,-122.542636
"961",1,45.5016889,-73.567256
"971",1,45.8080597,9.0851765
"981",2,46.8138783,-71.2079809
"991",1,47.1584462,-122.3775948
"1001",1,47.6062095,-122.3320708
"1011",1,48.1446427,6.3355935
"1021",1,49.2827291,-123.1207375
"1031",1,51.165691,10.451526
"1041",1,51.4740846,-0.0930137
"1051",3,55.378051,-3.435973
"1061",1,64.2008413,-149.4936733
"1071",1,-40.5804655,175.3136218
"1081",1,-38.9084403,-68.1101911
"1091",6,-38.416097,-63.616672
"1101",3,-37.813611,144.963056
"1111",1,-37.4713077,144.7851531
"1121",1,-36.749449,144.2817801
"1131",5,-35.675147,-71.542969
"1141",2,-34.9011127,-56.1645314
"1151",4,-34.6036844,-58.3815591
"1161",4,-33.8688197,151.2092955
"1171",4,-33.4488897,-70.6692655
"1181",1,-33.3529519,151.4435474
"1191",1,-33.047238,-71.6126885
"1201",2,-31.9505269,115.8604572
"1211",1,-30.559482,22.937506
"1221",1,-30.0002315,136.2091547
"1231",1,-29.9132584,-51.1861921
"1241",1,-29.2751535,-49.998236
"1251",2,-28.6104322,153.1932534
"1261",1,-28.4748354,-48.7837539
"1271",1,-27.6387496,152.5928676
"1281",1,-27.4697707,153.0251235
"1291",1,-26.8082848,-65.2175903
"1301",1,-25.5318354,-49.2035722
"1311",7,-25.274398,133.775136
"1321",1,-23.6473732,-46.8193874
"1331",1,-23.6193615,-46.6784144
"1341",4,-23.5505199,-46.6333094
"1351",1,-23.442503,-58.443832
"1361",2,-22.9068467,-43.1728965
"1371",1,-22.7106685,-43.5522256
"1381",1,-22.573256,-44.9693894
"1391",1,-19.9166813,-43.9344931
"1401",6,-14.235004,-51.92528
"1411",1,-12.9371662,-38.360842
"1421",1,-12.928791,-38.4161591
"1431",1,-12.579738,-41.7007272
"1441",3,-12.2720956,-76.2710833
"1451",3,-12.046374,-77.0427934
"1461",1,-9.6498487,-35.7089492
"1471",3,-9.189967,-75.015152
"1481",1,-8.783195,34.508523
"1491",1,-8.091221,111.9641728
"1501",1,-8.0578381,-34.8828969
"1511",1,-7.8830648,112.5334492
"1521",1,-7.1194958,-34.8448668
"1531",1,-6.7765974,-79.8442978
"1541",1,-6.5971469,106.8060388
"1551",1,-6.1744651,106.822745
"1561",1,-4.4420385,-61.3268535
"1571",2,-3.7318616,-38.5266704
"1581",2,-3.1190275,-60.0217314
"1591",3,-2.1709979,-79.9223592
"1601",6,-1.831239,-78.183406
"1611",1,-1.2920659,36.8219462
"1621",1,-1.2898914,36.7503364
"1631",10,-0.789275,113.921327
"1641",1,-0.1806532,-78.4678382
"1651",1,-0.023559,37.906193
"1661",1,0.18636,6.613081
"1671",2,1.352083,103.819836
"1681",1,1.4853682,103.7618154
"1691",1,3.100227,101.715064
"1701",1,3.139003,101.686855
"1711",2,3.4516467,-76.5319854
"1721",1,3.5354881,98.6655592
"1731",2,3.919305,-56.027783
"1741",4,4.570868,-74.297333
"1751",2,4.7109886,-74.072092
"1761",1,5.6037168,-0.1869644
"1771",3,6.42375,-66.58973
"1781",1,6.4661301,80.4331538
"1791",1,6.5243793,3.3792057
"1801",1,6.8649081,79.8996789
"1811",1,6.9270786,79.861243
"1821",2,7.11732,-73.1260999
"1831",1,7.7713572,-72.2261466
"1841",1,9.081999,8.675277
"1851",1,9.8638091,-83.9161935
"1861",3,9.9280694,-84.0907246
"1871",1,10.0600742,-2.5098914
"1881",1,10.3156992,123.8854366
"1891",1,10.4805937,-66.9036063
"1901",1,10.5887998,122.1396745
"1911",1,10.6407389,122.9689565
"1921",1,10.8505159,76.2710833
"1931",1,11.1271225,78.6568942
"1941",1,12.52111,-69.968338
"1951",1,12.707434,101.1473517
"1961",1,12.865416,-85.207229
"1971",3,12.879721,121.774017
"1981",1,12.8881131,80.0170493
"1991",2,12.9715987,77.5945627
"2001",2,13.0826802,80.2707184
"2011",1,13.6899991,100.7501124
"2021",2,13.6929403,-89.2181911
"2031",1,13.7563309,100.5017651
"2041",1,14.058324,108.277199
"2051",1,14.2456329,120.8785658
"2061",1,14.3488961,121.0392436
"2071",1,14.5176184,121.0508645
"2081",1,14.5696177,121.0264823
"2091",1,14.5995124,120.9842195
"2101",1,14.9967842,121.1710389
"2111",2,15.870032,100.992541
"2121",1,16.7569318,-93.1292353
"2131",1,17.385044,78.486671
"2141",1,17.989456,-92.9475061
"2151",1,18.0178743,-76.8099041
"2161",2,18.220833,-66.590149
"2171",1,18.5204303,73.8567437
"2181",1,18.6504879,-91.8074586
"2191",1,18.735693,-70.162651
"2201",1,18.9242095,-99.2215659
"2211",5,19.0759837,72.8776559
"2221",1,19.1504232,72.9330298
"2231",1,19.3133,-81.2546
"2241",1,19.3149641,-99.2425886
"2251",1,19.4130129,-99.1801606
"2261",3,19.4326077,-99.133208
"2271",1,19.8392372,-98.9848677
"2281",1,20,78
"2291",1,20.2960587,85.8245398
"2301",6,20.593684,78.96288
"2311",1,21.0904274,-86.7694836
"2321",1,21.1250077,-101.6859605
"2331",1,21.1458004,79.0881546
"2341",1,21.1702401,72.8310607
"2351",2,21.3069444,-157.8583333
"2361",1,21.325771,-157.8748628
"2371",1,21.3353909,-158.0568965
"2381",1,21.386338,-157.9255357
"2391",2,21.3972222,-157.9733333
"2401",1,21.916221,95.955974
"2411",1,22.2800902,-81.2142516
"2421",1,22.293139,-97.8846644
"2431",1,22.3475365,91.8123324
"2441",1,22.396428,114.109497
"2451",1,22.7641984,-102.5865558
"2461",1,22.9867569,87.8549755
"2471",1,23.0798696,-109.7124043
"2481",1,23.317419,-106.479642
"2491",11,23.634501,-102.552784
"2501",1,23.810332,90.4125181
"2511",1,24.585445,73.712479
"2521",1,24.8614622,67.0099388
"2531",1,25.0865151,-80.4472802
"2541",1,25.2138156,75.8647527
"2551",1,25.2583192,51.5386659
"2561",1,25.3961861,85.917677
"2571",1,25.4358011,81.846311
"2581",1,25.6039859,-109.0548225
"2591",6,25.6866142,-100.3161126
"2601",7,25.7616798,-80.1917902
"2611",1,25.788047,-80.140662
"2621",2,25.790654,-80.1300455
"2631",3,26.1224386,-80.1373174
"2641",1,26.1420358,-81.7948103
"2651",1,26.2034071,-98.2300124
"2661",1,26.5513307,-81.8872939
"2671",1,26.6167555,-80.0684479
"2681",1,26.7153424,-80.0533746
"2691",1,26.7605545,83.3731675
"2701",1,26.820553,30.802498
"2711",1,27.4779362,-99.549573
"2721",1,27.558931,-99.475782
"2731",12,27.6648274,-81.5157535
"2741",1,27.7205407,-82.7430015
"2751",1,27.7518284,-82.6267345
"2761",1,27.8005828,-97.396381
"2771",1,27.950575,-82.4571776
"2781",1,28.0196825,83.804868
"2791",1,28.0222435,-81.7328567
"2801",1,28.2143574,-82.7350514
"2811",1,28.394857,84.124008
"2821",2,28.4594965,77.0266383
"2831",1,28.5383355,-81.3792365
"2841",2,28.6139391,77.2090212
"2851",1,28.660437,-106.1020263
"2861",1,28.669997,-81.2081203
"2871",1,28.6839885,-17.7645747
"2881",1,28.7040592,77.1024902
"2891",1,29.0587757,76.085601
"2901",1,29.0971845,75.9637413
"2911",1,29.4156061,78.993862
"2921",4,29.4241219,-98.4936282
"2931",1,29.6286476,-98.4889642
"2941",5,29.7604267,-95.3698028
"2951",1,29.7803257,-95.3259358
"2961",1,29.7857853,-95.8243956
"2971",1,29.9510658,-90.0715323
"2981",1,30.1765914,-85.8054879
"2991",1,30.2265949,-93.2173758
"3001",1,30.2319222,-97.7865569
"3011",1,30.2657655,-94.1996286
"3021",1,30.267153,-97.7430608
"3031",1,30.3870686,-97.7036561
"3041",1,30.4382559,-84.2807329
"3051",1,30.4582829,-91.1403196
"3061",1,30.5177349,-92.4888303
"3071",1,30.5464236,-97.6222665
"3081",1,30.8327022,-83.2784851
"3091",1,30.8471283,-90.153141
"3101",1,30.9842977,-91.9623327
"3111",1,31.2000924,29.9187387
"3121",1,31.302014,-98.1690023
"3131",1,31.4705486,-7.3940083
"3141",1,31.6786179,-92.1141194
"3151",1,31.7243416,-106.4899163
"3161",9,31.9685988,-99.9018131
"3171",1,32.0835407,-81.0998342
"3181",1,32.0953622,-91.7045307
"3191",6,32.1656221,-82.9000751
"3201",1,32.2217429,-110.926479
"3211",1,32.3078,-64.7505
"3221",4,32.3182314,-86.902298
"3231",1,32.3546679,-89.3985283
"3241",1,32.3668052,-86.2999689
"3251",1,32.412215,-81.78419
"3261",1,32.5093109,-92.1193012
"3271",1,32.5184775,-92.1476353
"3281",1,32.5685837,-116.6346969
"3291",1,32.6317502,-80.8723382
"3301",1,32.6926512,-114.6276916
"3311",5,32.715738,-117.1610838
"3321",1,32.7764749,-79.9310512
"3331",3,32.7766642,-96.7969879
"3341",1,32.7965165,-96.5608242
"3351",1,32.8015565,-96.8002704
"3361",1,32.940444,-97.1060202
"3371",1,32.9620968,-96.7863844
"3381",1,33.2098407,-87.5691735
"3391",1,33.2148412,-97.1330683
"3401",1,33.234281,-86.4835916
"3411",1,33.2811215,-86.8113733
"3421",1,33.3061605,-111.8412502
"3431",1,33.4197221,-111.9313334
"3441",1,33.4255104,-111.9400054
"3451",2,33.4483771,-112.0740373
"3461",1,33.4941704,-111.9260519
"3471",1,33.5311541,-111.9426452
"3481",1,33.5967091,-83.860493
"3491",1,33.6189101,-117.9289469
"3501",1,33.7079189,-84.487122
"3511",1,33.7091847,-117.9536697
"3521",1,33.7128611,-117.7913747
"3531",5,33.7489954,-84.3879824
"3541",1,33.7589188,-84.3640829
"3551",2,33.7700504,-118.1937395
"3561",1,33.7809672,-84.3687383
"3571",2,33.836081,-81.1637245
"3581",1,33.8517599,-84.364255
"3591",1,33.934356,-117.560941
"3601",1,33.935768,-118.119984
"3611",1,33.976817,-118.407293
"3621",1,34.0007104,-81.0348144
"3631",1,34.0255823,-118.2772773
"3641",1,34.0381473,-118.388224
"3651",1,34.0483215,-118.2548493
"3661",1,34.0483474,-117.2611527
"3671",3,34.0489281,-111.0937311
"3681",1,34.0500313,-84.0885761
"3691",36,34.0522342,-118.2436849
"3701",1,34.0564227,-118.4136037
"3711",2,34.0686206,-118.0275667
"3721",1,34.0736204,-118.4003563
"3731",1,34.0810165,-118.4126452
"3741",1,34.0900091,-117.8903397
"3751",4,34.0928092,-118.3286614
"3761",1,34.1083449,-117.2897652
"3771",1,34.1140497,-83.9811014
"3781",1,34.1381168,-118.3533783
"3791",1,34.1425078,-118.255075
"3801",1,34.1683313,-118.5721838
"3811",1,34.1705609,-118.8375937
"3821",1,34.2143159,-80.973977
"3831",1,34.2257255,-77.9447102
"3841",3,34.2331373,-102.4107493
"3851",1,34.2367621,-84.4907621
"3861",1,34.3614336,-86.3442107
"3871",1,34.5008311,-117.1858759
"3881",1,34.5959265,-92.4890469
"3891",1,34.8526176,-82.3940104
"3901",2,35.0077519,-97.092877
"3911",1,35.0526641,-78.8783585
"3921",1,35.0622085,-85.3070138
"3931",1,35.0853336,-106.6055534
"3941",3,35.1495343,-90.0489801
"3951",1,35.1795543,129.0756416
"3961",1,35.20105,-91.8318334
"3971",1,35.2067802,-85.9061964
"3981",1,35.2205059,-80.8575394
"3991",1,35.2225668,-97.4394777
"4001",2,35.2270869,-80.8431267
"4011",1,35.4087517,-80.579511
"4021",1,35.4437078,139.6380256
"4031",1,35.4475073,139.6423446
"4041",1,35.4661613,-82.5166982
"4051",2,35.4675602,-97.5164276
"4061",2,35.5174913,-86.5804473
"4071",1,35.6224925,139.376838
"4081",1,35.6894875,139.6917064
"4091",1,35.6938401,139.7035494
"4101",8,35.7595731,-79.0192997
"4111",2,35.7795897,-78.6381787
"4121",1,35.789286,-78.637452
"4131",1,35.8240265,-80.2533838
"4141",1,35.8456213,-86.39027
"4151",1,35.859466,-86.4470038
"4161",1,35.86166,104.195397
"4171",1,35.9606384,-83.9207392
"4181",1,35.9940329,-78.898619
"4191",1,36.0331164,-86.7827772
"4201",1,36.1211957,-115.1740735
"4211",1,36.1611747,-115.1219028
"4221",3,36.1626638,-86.7816016
"4231",5,36.1699412,-115.1398296
"4241",1,36.1795891,-86.8909288
"4251",3,36.204824,138.252924
"4261",1,36.3614749,-121.856261
"4271",1,36.595141,-82.1888089
"4281",1,36.6002378,-121.8946761
"4291",1,36.6777372,-121.6555013
"4301",1,36.7468422,-119.7725868
"4311",17,36.778261,-119.4179324
"4321",1,36.9741171,-122.0307963
"4331",1,37.0298687,-76.3452218
"4341",1,37.050252,-122.010003
"4351",39,37.09024,-95.712891
"4361",1,37.1767249,-94.5655066
"4371",1,37.3742998,-122.0549015
"4381",1,37.3998093,-121.8882035
"4391",1,37.4200507,-122.1750657
"4401",3,37.4315734,-78.6568942
"4411",1,37.447978,-122.159285
"4421",1,37.4784878,126.8642888
"4431",1,37.4946568,-120.8465941
"4441",1,37.4950478,-94.2766148
"4451",1,37.5061069,-77.6490005
"4461",1,37.5105474,-122.2510484
"4471",1,37.5407246,-77.4360481
"4481",1,37.566535,126.9779692
"4491",1,37.6818745,-121.7680088
"4501",2,37.6871761,-97.330053
"4511",1,37.7107484,-120.1972129
"4521",1,37.7327263,-87.1821709
"4531",1,37.7590318,-77.4799837
"4541",6,37.7749295,-122.4194155
"4551",1,37.7849105,-122.4082053
"4561",1,37.8043637,-122.2711137
"4571",2,37.8271784,-122.2913078
"4581",1,37.8393332,-84.2700179
"4591",1,37.8592479,-83.9185323
"4601",1,37.9357576,-122.3477486
"4611",3,37.9642529,-91.8318334
"4621",1,37.9871454,-122.5888686
"4631",1,38.2097967,-84.5588311
"4641",1,38.232417,-122.6366524
"4651",1,38.2493581,-122.0399663
"4661",2,38.2526647,-85.7584557
"4671",1,38.3475584,-90.9834027
"4681",1,38.381001,-0.770362
"4691",1,38.4087993,-121.3716178
"4701",1,38.440429,-122.7140548
"471",1,38.5024689,-122.2653887
"472",3,38.5815719,-121.4943996
"473",1,38.5976262,-80.4549026
"474",2,38.6270025,-90.1994042
"475",1,38.6779591,-121.1760583
"476",1,38.7222524,-9.1393366
"477",1,38.7358933,-85.3799577
"478",1,38.7521235,-121.2880059
"479",1,38.8026097,-116.419389
"480",1,38.8338816,-104.8213634
"481",1,38.8456051,-77.0772403
"482",1,38.8462236,-77.3063733
"483",5,38.9071923,-77.0368707
"484",2,38.927775,-77.216339
"485",1,39.0325249,-84.4651644
"486",5,39.0457549,-76.6412712
"487",1,39.0532746,-84.6630165
"488",1,39.0714491,-84.5321652
"489",2,39.0997265,-94.5785667
"490",1,39.1031182,-84.5120196
"491",1,39.1836082,-96.5716694
"492",1,39.2536967,-84.7915999
"493",2,39.2903848,-76.6121893
"494",3,39.3209801,-111.0937311
"495",1,39.4290415,-76.3557028
"496",1,39.4795571,-97.6982272
"497",1,39.4937392,-6.0679194
"498",1,39.5500507,-105.7820674
"499",1,39.6349826,-79.9552667
"500",1,39.645624,-84.147373
"501",2,39.7392358,-104.990251
"502",1,39.768403,-86.158068
"503",1,39.7817213,-89.6501481
"504",1,39.8019322,-105.5141639
"505",3,39.8289369,-84.8902382
"506",1,39.832935,-85.3510865
"507",1,39.8434432,-105.1507059
"508",1,39.8466556,-82.8123646
"509",1,39.9525839,-75.1652215
"510",3,39.9611755,-82.9987942
"511",1,39.965312,-85.9747029
"512",1,39.9688817,-74.948886
"513",1,39.9689532,-82.9376804
"514",1,39.9832775,-85.8539584
"515",1,40.0149856,-105.2705456
"516",1,40.0514269,-87.4333482
"517",2,40.0583238,-74.4056612
"518",1,40.1791857,44.4991029
"519",1,40.2279027,-3.7588498
"520",1,40.2386288,-74.7283267
"521",3,40.2671941,-86.1349019
"522",1,40.3356483,-75.9268747
"523",1,40.3470543,-74.0643065
"524",1,40.3572976,-74.6672226
"525",1,40.391774,-74.3984834
"526",9,40.4172871,-82.907123
"527",5,40.4406248,-79.9958864
"528",1,40.4455627,-79.9276651
"529",1,40.4510694,-80.0198957
"530",1,40.4594021,-74.360846
"531",2,40.463667,-3.74922
"532",1,40.560366,-90.1610378
"533",2,40.5795317,-74.1502007
"534",1,40.6261638,-74.0329499
"535",1,40.6331249,-89.3985283
"536",3,40.6781784,-73.9441579
"537",1,40.6859874,-111.8573642
"538",1,40.6968489,-79.1844925
"539",1,40.7062104,-73.3062302
"540",21,40.7127837,-74.0059413
"541",1,40.721953,-75.4696699
"542",1,40.7220997,-73.6505722
"543",1,40.7237712,-73.9923909
"544",1,40.7273716,-73.9857809
"545",1,40.7290261,-74.000394
"546",1,40.740083,-73.9903489
"547",1,40.7407162,-73.9928977
"548",1,40.7419533,-73.662138
"549",1,40.7422572,-73.6742323
"550",1,40.744679,-73.9485424
"551",1,40.7516884,-92.4149074
"552",1,40.752167,-73.999702
"553",1,40.7607793,-111.8910474
"554",1,40.7609674,-73.9823784
"555",1,40.7705903,-74.0201431
"556",1,40.7738597,-73.9808909
"557",1,40.7764882,-73.4673454
"558",1,40.787878,-74.3882072
"559",1,40.7882723,-80.1436057
"560",1,40.789142,-73.134961
"561",3,40.7989473,-81.378447
"562",1,40.8257625,-96.6851982
"563",1,40.8447819,-73.8648268
"564",1,40.8606937,-82.3201275
"565",1,40.8656515,-75.2065676
"566",1,40.9481078,-83.9610538
"567",2,41.0814447,-81.5190053
"568",1,41.1339449,-81.4845585
"569",1,41.1595005,-81.4403898
"570",1,41.1767623,-74.4565453
"571",1,41.1828302,-83.6782668
"572",1,41.1865478,-73.1951767
"573",6,41.2033216,-77.1945247
"574",1,41.20438,74.766098
"575",1,41.2381096,-81.8418006
"576",1,41.2523634,-95.9979883
"577",1,41.2917475,-75.8746407
"578",1,41.3747744,-83.6513229
"579",1,41.3894905,-82.0190321
"580",1,41.3937162,-72.8973496
"581",1,41.3978217,-82.2223774
"582",2,41.4124339,-81.8479925
"583",1,41.452819,-82.1823746
"584",1,41.4619986,-81.0737079
"585",3,41.49932,-81.6943605
"586",1,41.506431,-81.699154
"587",1,41.525031,-88.0817251
"588",1,41.5772115,-93.711332
"589",6,41.6002842,-73.9202391
"590",1,41.6005448,-93.6091064
"591",3,41.6032207,-73.087749
"592",1,41.7033177,-93.0573533
"593",1,41.7435073,-88.0118473
"594",1,41.8077115,-87.7602365
"595",1,41.8297694,-86.2541768
"596",2,41.8780025,-93.097702
"597",13,41.8781136,-87.6297982
"598",1,41.8813678,-87.6717522
"599",2,41.8873607,-87.6184065
"600",1,41.8903847,-87.623841
"601",1,41.902916,12.453389
"602",5,41.909611,-87.771964
"603",1,41.9484384,-87.6553327
"604",1,42.0834335,-71.0183787
"605",1,42.1292241,-80.085059
"606",1,42.182528,-72.2152909
"607",1,42.2411499,-83.6129939
"608",1,42.2579713,-71.0771663
"609",1,42.2711311,-89.0939952
"610",1,42.2808256,-83.7430378
"611",2,42.331427,-83.0457538
"612",5,42.3600825,-71.0588801
"613",1,42.3627257,-71.0994888
"614",1,42.3702996,-87.9020186
"615",1,42.4072107,-71.3824374
"616",2,42.43472,-83.985
"617",1,42.4989936,-83.3677168
"618",1,42.5355277,-72.5353437
"619",1,42.5475383,-71.2785583
"620",1,42.6820825,-83.0697942
"621",2,42.6977082,23.3218675
"622",1,42.7261309,-87.7828523
"623",1,42.732535,-84.5555347
"624",3,42.8864468,-78.8783689
"625",1,43.0389025,-87.9064736
"626",1,43.0620958,141.3543763
"627",1,43.0717552,-70.7625532
"628",1,43.0751946,-70.760349
"629",1,43.0759678,-107.2902839
"630",1,43.1086741,-77.4874959
"631",1,43.1178145,5.8163938
"632",1,43.16103,-77.6109219
"633",2,43.1938516,-71.5723953
"634",1,43.2209426,-77.2833793
"635",1,43.2341813,-86.2483921
"636",1,43.296482,5.36978
"637",1,43.3766665,-99.8590069
"638",1,43.450301,-80.4831917
"639",1,43.487633,-123.486364
"640",1,43.4978659,-79.6428425
"641",1,43.6121087,-116.3915131
"642",2,43.6187102,-116.2146068
"643",1,43.6524278,-79.3723763
"644",10,43.653226,-79.3831843
"645",1,43.6554565,-79.3588448
"646",1,43.7384176,7.4246158
"647",4,43.7844397,-88.7878678
"648",2,43.8041334,-120.5542012
"649",4,43.8169837,-79.532157
"650",1,44.1613624,-75.6981286
"651",1,44.305421,-81.272224
"652",3,44.3148443,-85.6023643
"653",1,44.381212,-79.692981
"654",2,44.519159,-88.019826
"655",1,44.5632875,-123.2624361
"656",1,44.5895244,-75.6842858
"657",1,44.6082966,-94.0805278
"658",1,44.6652059,-63.5677427
"659",1,44.6819866,-63.744311
"660",1,44.709294,-75.518972
"661",1,44.7717522,-96.6876197
"662",1,44.786568,20.4489216
"663",2,44.788241,20.4397566
"664",1,44.831446,-123.007418
"665",1,44.9522896,-93.2991931
"666",1,44.9537029,-93.0899578
"667",1,44.9666088,-93.2840725
"668",2,44.977753,-93.2650108
"669",1,45.0502435,-93.1566112
"670",1,45.070312,7.6868565
"671",1,45.0776135,9.3007441
"672",1,45.319212,-75.6691652
"673",1,45.4215296,-75.6971931
"674",1,45.487062,-122.8037102
"675",2,45.5016889,-73.567256
"676",5,45.5230622,-122.6764816
"677",1,45.5292666,-122.655448
"678",1,45.7030061,-97.7859363
"679",1,45.7466471,-122.5194378
"680",1,45.764043,4.835659
"681",2,46.227638,2.213749
"682",3,46.729553,-94.6858998
"683",1,46.7297771,-117.1817377
"684",1,46.7866719,-92.1004852
"685",1,46.8138783,-71.2079809
"686",1,46.8787176,-113.996586
"687",1,46.8796822,-110.3625658
"688",1,47.0378741,-122.9006951
"689",1,47.1661672,8.5154946
"690",1,47.50075,9.74231
"691",5,47.6062095,-122.3320708
"692",1,47.6189966,-122.3467204
"693",1,47.6543125,-122.3470603
"694",3,47.7510741,-120.7401386
"695",1,47.8458036,-122.2975124
"696",1,47.9105999,-122.2129227
"697",1,48.0517637,-122.1770818
"698",1,48.055423,17.570925
"699",1,48.3705449,10.89779
"700",1,48.4690758,-117.3155042
"701",1,48.7074303,2.1750239
"702",1,48.7202778,18.2560016
"703",2,48.856614,2.3522219
"704",1,49.6506376,-125.4493906
"705",3,49.895136,-97.1383744
"706",1,50.1109221,8.6821267
"707",1,50.169173,-5.107088
"708",1,50.3915811,-105.5348562
"709",1,50.658189,2.770103
"710",1,50.6938479,-1.304734
"711",1,51.01927,13.64157
"712",5,51.0486151,-114.0708459
"713",2,51.165691,10.451526
"714",3,51.253775,-85.3232139
"715",1,51.4085692,-0.4171484
"716",1,51.4332367,7.6615938
"717",1,51.4542645,-0.9781303
"718",2,51.4556432,7.0115552
"719",1,51.4939263,-0.1406489
"720",1,51.4968938,-0.1878107
"721",9,51.5073509,-0.1277583
"722",1,51.5237715,-0.1585385
"723",1,51.885644,-0.52039
"724",1,51.919438,19.145136
"725",1,52.1544607,-9.5668632
"726",1,52.205337,0.121817
"727",1,52.3555177,-1.1743197
"728",1,52.3702157,4.8951679
"729",1,52.6680204,-8.6304975
"730",1,52.6930156,4.8091029
"731",1,53.1355091,-57.6604364
"732",1,53.1423672,-7.6920536
"733",1,53.328,-2.229409
"734",1,53.3369132,-6.2523448
"735",1,53.3498053,-6.2603097
"736",1,53.3542999,-6.2642536
"737",1,53.4334046,-2.3851324
"738",1,53.52282,-1.128462
"739",1,53.544389,-113.4909267
"740",1,53.5510846,9.9936818
"741",1,53.55263,-1.479726
"742",1,53.697931,-2.695478
"743",2,53.7266683,-127.6476206
"744",1,53.7670855,-2.6983209
"745",1,53.8007554,-1.5490774
"746",1,53.9332706,-116.5765035
"747",1,54.7877149,-6.4923145
"748",1,55.126957,-1.510277
"749",9,55.378051,-3.435973
"750",1,55.65883,-111.163777
"751",10,56.130366,-106.346771
"752",1,59.3293235,18.0685808
"753",1,61.4498498,23.385144
"2102",1,-42.8821377,147.3271949
"3102",1,-41.4545196,145.9706648
"4102",1,-41.285026,174.774129
"5101",1,-40.900557,174.885971
"6101",3,-38.416097,-63.616672
"756",1,-37.8149737,144.9642449
"812",1,-37.813611,144.963056
"912",2,-35.675147,-71.542969
"1012",1,-34.6044174,-58.3902078
"1112",2,-34.6036844,-58.3815591
"1212",1,-34.5810346,-58.4743258
"1312",1,-34.470829,-58.5286102
"1412",1,-33.9248685,18.4240553
"1512",1,-33.8701158,151.2089158
"1612",1,-33.7721259,-69.0404345
"1712",2,-33.4488897,-70.6692655
"1812",1,-33.4133469,-70.6662915
"1912",1,-33.0806497,-68.47057
"2012",1,-31.954,115.876
"2112",1,-31.9505269,115.8604572
"2212",2,-31.4200833,-64.1887761
"2312",3,-30.559482,22.937506
"2412",2,-30.0346471,-51.2176584
"2512",2,-28.6104322,153.1932534
"2612",1,-27.4804984,153.0120454
"2712",1,-26.65,153.066667
"2812",1,-25.7478676,28.2292712
"2912",5,-25.274398,133.775136
"3012",1,-23.5505199,-46.6333094
"3112",2,-23.5410372,-46.6451976
"3212",2,-22.9068467,-43.1728965
"3312",1,-22.8387571,-43.3241817
"3412",1,-22.8272883,-43.0637646
"3512",1,-22.328474,24.684866
"3612",1,-20.9030555,27.4556388
"3712",2,-14.235004,-51.92528
"3812",4,-12.2720956,-76.2710833
"3912",1,-12.0820196,-76.928234
"4012",1,-10.1771997,123.6070329
"4112",1,-9.6498487,-35.7089492
"4212",3,-9.189967,-75.015152
"4312",1,-8.3405389,115.0919509
"4412",1,-7.5360639,112.2384017
"4512",1,-7.460987,111.3321974
"4612",1,-6.7765974,-79.8442978
"4711",1,-6.4024844,106.7942405
"4811",1,-5.2574467,-36.7170585
"4911",1,-1.831239,-78.183406
"5011",1,-1.2920659,36.8219462
"5111",1,-1.2543408,-78.6228504
"5211",1,-0.789275,113.921327
"5311",1,-0.1806532,-78.4678382
"5411",2,-0.023559,37.906193
"5511",1,0.0355735,-51.070535
"5611",1,0.3475964,32.5825197
"5711",2,1.352083,103.819836
"5811",1,3.1278871,101.5944885
"5911",1,3.5379718,-76.2971657
"6011",1,3.5951956,98.6722227
"6111",1,3.7633859,103.2201828
"6211",2,4.210484,101.975766
"6311",1,4.399493,113.9913832
"6411",2,4.570868,-74.297333
"6511",1,5.9690277,116.0648074
"6611",1,5.980408,116.0734568
"6711",1,6.42375,-66.58973
"6811",1,6.9214424,122.0790267
"6911",1,8.537981,-80.782127
"7011",1,8.584898,-82.3885783
"7111",1,8.5873638,81.2152121
"7211",1,8.5913073,-63.9586111
"7311",1,8.9456259,125.5319234
"7411",1,8.9823792,-79.5198696
"757",1,9.9280694,-84.0907246
"762",1,10.2313205,-67.2847875
"772",1,10.431916,-64.183316
"782",1,10.5057527,-66.9347651
"792",1,10.691803,-61.222503
"802",1,12.52111,-69.968338
"813",1,12.5260917,78.2145115
"822",1,12.879721,121.774017
"832",1,12.9276082,100.8770813
"842",1,12.9336846,77.6271223
"852",3,12.9715987,77.5945627
"862",1,12.9720556,80.2203694
"872",1,13.0826802,80.2707184
"882",1,13.1992334,80.196693
"892",5,13.7563309,100.5017651
"902",1,13.7739146,100.5188202
"913",1,13.909444,-60.978893
"922",1,14.058324,108.277199
"932",1,14.1876712,121.1250825
"942",1,14.523775,120.9927216
"952",1,14.5351574,121.1620113
"962",1,14.5401107,-74.9676365
"972",2,14.5995124,120.9842195
"982",1,14.6070701,121.0172945
"992",1,14.6090537,121.0222565
"1002",1,14.6349149,-90.5068824
"1013",2,14.6760413,121.0437003
"1022",2,15.199999,-86.241905
"1032",1,15.665374,-96.543087
"1042",4,15.783471,-90.230759
"1052",1,15.8496953,74.4976741
"1062",3,15.870032,100.992541
"1072",2,17.385044,78.486671
"1082",1,17.8409173,-92.6189273
"1092",3,18.220833,-66.590149
"1102",1,18.3691963,-66.1659674
"1113",2,18.5204303,73.8567437
"1122",1,18.7249031,-95.9847859
"1132",1,18.787747,98.9931284
"1142",1,19.0412967,-98.2061996
"1152",1,19.0446282,-98.201064
"1162",5,19.0759837,72.8776559
"1172",1,19.3923941,-99.2129898
"1182",4,19.4326077,-99.133208
"1192",1,19.5437751,-96.9101806
"1202",1,19.7514798,75.7138884
"1213",1,19.7668633,74.4772614
"1222",2,19.8967662,-155.5827818
"1232",1,20.1010608,-98.7591311
"1242",12,20.593684,78.96288
"1252",1,20.6596988,-103.3496092
"1262",1,20.9673702,-89.5925857
"1272",1,21.3069444,-157.8583333
"1282",1,21.7051358,72.9958748
"1292",1,22.258652,71.1923805
"1302",1,22.3038945,70.8021599
"1313",1,22.4486944,39.1335549
"1322",1,22.744446,-98.9759252
"1332",1,23.132191,113.266531
"1342",1,23.424076,53.847818
"1352",1,23.6101808,85.2799354
"1362",11,23.634501,-102.552784
"1372",2,23.684994,90.356331
"1382",1,23.810332,90.4125181
"1392",4,23.885942,45.079162
"1402",1,24.3963061,68.93384
"1413",1,24.453884,54.3773438
"1422",1,24.7135517,46.6752957
"1432",1,25.03428,-77.39628
"1442",1,25.216667,55.166667
"1452",1,25.6563489,-80.401299
"1462",1,25.6775595,-100.2596935
"1472",2,25.6866142,-100.3161126
"1482",1,25.7493469,-100.2868973
"1492",6,25.7616798,-80.1917902
"1502",1,25.7826123,-80.1340772
"1513",1,26.1003654,-80.3997748
"1522",1,26.1108142,87.3016132
"1532",1,26.1420358,-81.7948103
"1542",1,26.162872,-97.887797
"1552",1,26.1669711,-80.256595
"1562",1,26.2034071,-98.2300124
"1572",1,26.5432647,82.6645469
"1582",1,26.6359009,-80.0961538
"1592",1,26.640628,-81.8723084
"1602",1,26.6514503,-80.2767327
"1613",1,26.7271012,88.3952861
"1622",1,26.8466937,80.946166
"1632",1,26.9124336,75.7872709
"1642",9,27.6648274,-81.5157535
"1652",1,27.7172453,85.3239605
"1662",1,27.937801,-82.2859247
"1672",2,27.950575,-82.4571776
"1682",1,28.0434726,-82.472568
"1692",1,28.0582985,-81.8661442
"1702",1,28.182893,-82.3641751
"1713",1,28.2143574,-82.7350514
"1722",1,28.2859529,129.2912565
"1732",1,28.3647248,-82.1959178
"1742",2,28.373949,-81.551844
"1752",3,28.394857,84.124008
"1762",1,28.4594965,77.0266383
"1772",1,28.465443,-82.605526
"1782",1,28.4743207,-81.4678193
"1792",3,28.5383355,-81.3792365
"1802",1,28.6122187,-80.8075537
"1813",4,28.6139391,77.2090212
"1822",1,28.6329957,-106.0691004
"1832",1,28.6916182,-100.5408622
"1842",1,28.7040592,77.1024902
"1852",1,29.0587757,76.085601
"1862",1,29.0903633,-111.0521299
"1872",1,29.0971845,75.9637413
"1882",1,29.2792431,-98.3950801
"1892",1,29.3909464,76.9635023
"1902",1,29.423035,-98.4908102
"1913",2,29.4241219,-98.4936282
"1922",1,29.5541652,74.5023819
"1932",1,29.5635666,-95.2860474
"1942",1,29.5815012,74.3294199
"1952",1,29.5844524,-81.2078699
"1962",1,29.5957696,-90.7195348
"1972",1,29.6150433,-98.3168216
"1982",1,29.6910625,-95.2091006
"1992",1,29.7030024,-98.1244531
"2002",10,29.7604267,-95.3698028
"2013",1,29.7856734,76.3984537
"2022",1,29.7927238,-95.742248
"2032",1,29.8082883,75.8257955
"2042",1,29.848088,-95.565177
"2052",1,29.9510658,-90.0715323
"2062",1,30.0085542,-97.1594321
"2072",1,30.0729495,-94.1730255
"2082",1,30.0870355,-94.1221774
"2092",1,30.1658207,-95.4612625
"2103",1,30.185885,-97.8465799
"2113",3,30.267153,-97.7430608
"2122",1,30.2752011,-98.8719843
"2132",1,30.2949457,-82.98402
"2142",1,30.3321838,-81.655651
"2152",1,30.3609069,-97.9526035
"2162",1,30.375321,69.345116
"2172",2,30.421309,-87.2169149
"2182",1,30.4228993,-94.9462046
"2192",1,30.4382559,-84.2807329
"2202",2,30.9842977,-91.9623327
"2213",1,31.1075832,77.1667792
"2222",1,31.1240175,75.777846
"2232",1,31.3610195,-97.3813176
"2242",1,31.4637723,-100.4370375
"2252",1,31.5546061,74.3571581
"2262",1,31.8087678,-85.969951
"2272",1,31.9453666,35.9283716
"2282",1,31.956256,-86.313257
"2292",16,31.9685988,-99.9018131
"2302",3,32.1656221,-82.9000751
"2313",1,32.2268212,-95.2255041
"2322",3,32.3182314,-86.902298
"2332",1,32.3199396,-106.7636538
"2342",1,32.3546679,-89.3985283
"2352",1,32.3881861,-98.9792336
"2362",1,32.4706777,-100.0128739
"2372",1,32.5149469,-117.0382471
"2382",1,32.5232053,-92.637927
"2392",1,32.691725,-96.4469015
"2402",4,32.715738,-117.1610838
"2413",1,32.742923,-97.7428165
"2422",1,32.7554883,-97.3307658
"2432",4,32.7766642,-96.7969879
"2442",1,32.8163594,-96.8300995
"2452",1,32.8171672,-117.1234324
"2462",1,32.8546197,-79.9748103
"2472",1,33.0806083,-96.8928309
"2482",1,33.1192068,-117.086421
"2492",1,33.1281446,-117.3122048
"2502",1,33.1972465,-96.6397822
"2513",1,33.3128057,44.3614875
"2522",1,33.4353394,-112.3576567
"2532",3,33.4483771,-112.0740373
"2542",1,33.5201081,-96.4838749
"2552",1,33.5510021,-79.0414261
"2562",1,33.6000232,-117.6719953
"2572",1,33.6301328,-117.8721676
"2582",1,33.6407282,-84.4277001
"2592",1,33.6771203,-117.8167973
"2602",1,33.7455731,-117.8678338
"2613",4,33.7489954,-84.3879824
"2622",1,33.7525129,-84.3898086
"2632",2,33.7589188,-84.3640829
"2642",3,33.7700504,-118.1937395
"2652",1,33.7739053,-117.9414477
"2662",1,33.783315,-84.3831166
"2672",1,33.836081,-81.1637245
"2682",1,33.8495713,-118.3962867
"2692",1,33.8536269,-118.1339563
"2702",2,33.854721,35.862285
"2713",1,33.8752935,-117.5664384
"2722",1,33.932414,-84.516481
"2732",1,33.9934867,-81.0739825
"2742",1,33.9976795,-84.0968431
"2752",1,34.0007104,-81.0348144
"2762",1,34.0246348,-118.3815981
"2772",1,34.0259216,-118.7797571
"2782",1,34.0297895,-118.2117257
"2792",1,34.0374094,-117.0861196
"2802",2,34.0489281,-111.0937311
"2813",1,34.050751,-118.3841777
"2822",18,34.0522342,-118.2436849
"2832",1,34.0564227,-118.4136037
"2842",1,34.0565284,-117.8215295
"2852",1,34.0895186,-118.3315838
"2862",3,34.0900091,-118.3617443
"2872",1,34.092514,-118.395359
"2882",3,34.0928092,-118.3286614
"2892",1,34.1083449,-117.2897652
"2902",1,34.1140497,-83.9811014
"2913",1,34.1367208,-118.6614809
"2922",1,34.139786,-118.2165108
"2932",1,34.1489719,-118.451357
"2942",1,34.1808392,-118.3089661
"2952",1,34.1847936,-101.7068417
"2962",1,34.1975048,-119.1770516
"2972",1,34.1998735,-119.1782662
"2982",1,34.208254,-118.6058609
"2992",1,34.214406,-118.910517
"3002",1,34.2257255,-77.9447102
"3013",5,34.2331373,-102.4107493
"3022",1,34.2421285,-77.8291259
"3032",1,34.2576066,-88.7033859
"3042",1,34.2745833,-81.6187178
"3052",1,34.3614336,-86.3442107
"3062",1,34.4812062,-87.2933533
"3072",1,34.6391501,-120.4579409
"3082",1,34.7303688,-86.5861037
"3092",1,34.802075,38.996815
"3103",1,34.9057703,139.1027333
"3113",1,34.9592083,-116.419389
"3122",2,35.0853336,-106.6055534
"3132",2,35.1495343,-90.0489801
"3142",1,35.1801883,136.9065647
"3152",1,35.1814464,136.906398
"3162",1,35.1894378,-118.6071884
"3172",1,35.20105,-91.8318334
"3182",1,35.2225668,-97.4394777
"3192",1,35.2248034,-88.2492037
"3202",4,35.2270869,-80.8431267
"3213",1,35.262082,-81.1873005
"3222",1,35.2625038,-77.5826165
"3232",1,35.3732921,-119.0187125
"3242",1,35.4087517,-80.579511
"3252",4,35.5174913,-86.5804473
"3262",2,35.612661,-77.3663538
"3272",1,35.6488948,139.7107136
"3282",1,35.6528323,-97.4780954
"3292",1,35.6547949,-120.9008428
"3302",4,35.6894875,139.6917064
"3313",1,35.6938401,139.7035494
"3322",1,35.7090259,139.7319925
"3332",1,35.7285774,139.477456
"3342",1,35.7344538,-81.3444573
"3352",2,35.7595731,-79.0192997
"3362",2,35.79154,-78.7811169
"3372",1,35.91282,-100.3820772
"3382",1,35.9250637,-86.8688899
"3392",1,35.937496,14.375416
"3402",2,35.9606384,-83.9207392
"3413",1,36.0112792,-115.2906698
"3422",1,36.0594772,-102.5132497
"3432",1,36.0645115,-94.1619468
"3442",1,36.071217,-80.29983
"3452",1,36.14744,-115.29808
"3462",1,36.1493166,-86.8568065
"3472",1,36.1626638,-86.7816016
"3482",7,36.1699412,-115.1398296
"3492",4,36.204824,138.252924
"3502",16,36.778261,-119.4179324
"3513",1,36.8090377,-119.7732666
"3522",1,36.8349388,-119.7967147
"3532",1,36.8354258,-76.2982742
"3542",1,37.0298687,-76.3452218
"3552",38,37.09024,-95.712891
"3562",1,37.2635727,127.0286009
"3572",1,37.2709704,-79.9414266
"3582",1,37.2826157,-80.0320113
"3592",3,37.3382082,-121.8863286
"3602",1,37.358859,-122.019246
"3613",1,37.4226924,-122.1686033
"3622",1,37.447978,-122.159285
"3632",1,37.4521285,138.8521964
"3642",1,37.4852152,-122.2363548
"3652",1,37.5407246,-77.4360481
"3662",1,37.5482697,-121.9885719
"3672",1,37.566535,126.9779692
"3682",1,37.6305177,-107.8144772
"3692",1,37.6688205,-122.0807964
"3702",1,37.6871761,-97.330053
"3713",1,37.7107484,-120.1972129
"3722",1,37.7478572,-84.2946539
"3732",1,37.7747102,-122.4100898
"3742",3,37.7749295,-122.4194155
"3752",1,37.7977687,-121.9202514
"3762",1,37.8043637,-122.2711137
"3772",1,37.8153893,-89.0274915
"3782",4,37.8271784,-122.2913078
"3792",4,37.8393332,-84.2700179
"3802",1,37.9357576,-122.3477486
"3813",1,37.9577016,-121.2907796
"3822",3,37.9642529,-91.8318334
"3832",1,37.9778781,-122.2927379
"3842",1,38.2526647,-85.7584557
"3852",1,38.252938,-85.737879
"3862",1,38.291859,-122.4580356
"3872",1,38.3396367,-122.7010984
"3882",1,38.345068,-85.615517
"3892",1,38.4192496,-82.445154
"3902",1,38.5631744,-76.0788292
"3913",2,38.5976262,-80.4549026
"3922",1,38.6265124,-76.9105483
"3932",6,38.6270025,-90.1994042
"3942",1,38.6370622,-77.3110946
"3952",1,38.6792917,-90.3310316
"3962",1,38.7222524,-9.1393366
"3972",1,38.7309378,-90.3889622
"3982",2,38.8375215,-120.8958242
"3992",1,38.8939645,-82.573495
"4002",9,38.9071923,-77.0368707
"4013",1,38.9181671,-78.1944446
"4022",1,38.927775,-77.216339
"4032",1,38.9431183,-84.544109
"4042",1,38.963745,35.243322
"4052",1,38.9723048,-94.7294627
"4062",1,39.011902,-98.4842465
"4072",1,39.0256651,-77.0763669
"4082",1,39.0420509,-94.6126055
"4092",3,39.0457549,-76.6412712
"4103",1,39.0795529,-77.0730338
"4113",5,39.0997265,-94.5785667
"4122",1,39.1005498,-94.5778294
"4132",1,39.1031182,-84.5120196
"4142",1,39.106084,-77.2039984
"4152",1,39.1329219,-84.5149504
"4162",1,39.2963286,-119.7761221
"4172",3,39.3209801,-111.0937311
"4182",1,39.4523385,-74.7276626
"4192",3,39.5500507,-105.7820674
"4202",1,39.5661785,-103.2115118
"4213",4,39.7392358,-104.990251
"4222",1,39.7589478,-84.1916069
"4232",2,39.768403,-86.158068
"4242",1,39.7777755,-75.7716437
"4252",1,39.7817213,-89.6501481
"4262",1,39.8356695,-75.0243357
"4272",2,39.8675693,-104.8730088
"4282",1,39.8946075,-75.098072
"4292",2,39.9525839,-75.1652215
"4302",1,39.9562052,-75.058009
"4313",1,39.9611755,-82.9987942
"4322",1,39.9811932,-75.1553506
"4332",1,40.0577277,-79.0611183
"4342",9,40.0583238,-74.4056612
"4352",1,40.071222,-74.8648873
"4362",1,40.0812601,-75.1370254
"4372",1,40.0994425,-74.9325683
"4382",1,40.1584814,-83.0202001
"4392",1,40.1893942,-105.1781092
"4402",8,40.2671941,-86.1349019
"4413",1,40.28816,-76.660857
"4422",1,40.2897815,-74.2876618
"4432",1,40.3083672,-88.1558785
"4442",1,40.3470671,-79.8641232
"4452",1,40.387481,-104.5616256
"4462",9,40.4172871,-82.907123
"4472",3,40.4406248,-79.9958864
"4482",1,40.463667,-3.74922
"4492",1,40.4959379,-74.4243178
"4502",1,40.5169767,-80.2213477
"4513",1,40.5649781,-111.8389726
"4522",2,40.5795317,-74.1502007
"4532",1,40.6071081,-74.1606613
"4542",1,40.6084305,-75.4901833
"4552",1,40.6259316,-75.3704579
"4562",6,40.6331249,-89.3985283
"4572",8,40.6781784,-73.9441579
"4582",1,40.6789893,-73.4170673
"4592",1,40.6802407,-73.6506776
"4602",1,40.6926469,-73.9950857
"4613",1,40.700359,-73.988578
"4622",1,40.703295,-74.0110306
"4632",1,40.7074909,-74.0112764
"4642",1,40.7120452,-73.9363283
"4652",27,40.7127837,-74.0059413
"4662",1,40.7228025,-73.9946875
"4672",1,40.7259336,-73.5142921
"4682",1,40.7422572,-73.6742323
"4692",1,40.7512758,14.4952063
"4702",1,40.7529978,-73.9685822
"4712",1,40.7539128,-73.9864173
"4721",1,40.7672006,-83.8297433
"4731",2,40.774716,-74.694929
"4741",1,40.7882723,-80.1436057
"4751",1,40.789142,-73.134961
"4761",1,40.7898451,-73.097568
"4771",1,40.8091068,-73.9228881
"4781",1,40.8115504,-73.9464769
"4791",2,40.8257625,-96.6851982
"4801",1,40.96342,-76.6127329
"4812",1,40.9928842,-83.2311169
"4821",1,41.0192641,-73.6834621
"4831",1,41.0572232,-96.6447376
"4841",1,41.076655,-81.5113386
"4851",2,41.0814447,-81.5190053
"4861",1,41.1014451,-81.441779
"4871",1,41.1220194,-73.7948516
"4881",1,41.1628731,-73.8615246
"4891",1,41.1828302,-83.6782668
"4901",6,41.2033216,-77.1945247
"4912",1,41.2392227,-81.3459405
"4921",1,41.3329867,21.5393309
"4931",1,41.3556539,-72.0995209
"4941",1,41.375049,-81.9081937
"4951",1,41.3978217,-82.2223774
"4961",5,41.4124339,-81.8479925
"4971",1,41.4187924,-75.6560278
"4981",1,41.4219889,-82.3646068
"4991",1,41.4333909,-96.4981467
"5001",1,41.4553232,-81.9179173
"5012",2,41.4925374,-99.9018131
"5021",16,41.49932,-81.6943605
"5031",1,41.501761,-88.1182923
"5041",1,41.5024973,-81.6747185
"5051",3,41.6032207,-73.087749
"5061",1,41.6289365,-81.3614985
"5071",1,41.6331034,-81.4687274
"5081",1,41.6488696,-0.8897421
"5091",1,41.76531,-87.5856422
"5102",1,41.8402756,-86.3624655
"5112",1,41.8777026,-71.3852664
"5121",3,41.8780025,-93.097702
"5131",17,41.8781136,-87.6297982
"5141",1,41.8850317,-87.7845025
"5151",1,41.8877194,-88.3081499
"5161",1,41.8975471,-84.0371659
"5171",1,41.909611,-87.771964
"5181",1,41.9214731,-87.7343859
"5191",1,41.9227067,-87.6802748
"5201",1,41.9517033,-87.6756134
"5212",1,42.0697509,-87.7878408
"5221",1,42.0719866,-83.9716095
"5231",1,42.0853204,-83.6824384
"5241",1,42.2411499,-83.6129939
"5251",2,42.331427,-83.0457538
"5261",1,42.3408422,-83.3893686
"5271",4,42.3600825,-71.0588801
"5281",1,42.363275,-71.053588
"5291",2,42.4072107,-71.3824374
"5301",1,42.4135212,-76.5009253
"5312",1,42.4136428,-70.9915997
"5321",1,42.43472,-83.985
"5331",1,42.4390069,-123.3283925
"5341",1,42.4782758,-83.7411631
"5351",1,42.4931281,-123.085696
"5361",1,42.4989936,-83.3677168
"5371",1,42.54123,-75.525772
"5381",1,42.5480678,-71.2781871
"5391",1,42.6389216,-83.2910468
"5401",1,42.6525793,-73.7562317
"5412",1,42.7139972,-71.1656462
"5421",1,42.7272032,-92.4668511
"5431",1,42.7285775,-92.4821589
"5441",1,42.7309977,-118.6290799
"5451",1,42.844668,-73.8183804
"5461",1,42.8813203,-78.8047869
"5471",2,42.8864468,-78.8783689
"5481",1,42.891868,-78.882945
"5491",1,42.978338,-71.4572779
"5501",1,42.9836452,-81.2420512
"5512",1,42.9849233,-81.2452768
"5521",1,43.0405846,-87.9196785
"5531",1,43.0449635,-87.9095371
"5541",1,43.0454659,-87.9234183
"5551",1,43.1198091,131.8869243
"5561",1,43.1393867,-80.2644254
"5571",1,43.1472805,-71.8874833
"5581",1,43.1904709,-112.3449773
"5591",1,43.2125769,-70.8426892
"5601",2,43.3447295,-75.3878525
"5612",1,43.5890452,-79.6441198
"5621",1,43.6155825,-84.2472116
"5631",1,43.6187102,-116.2146068
"5641",13,43.653226,-79.3831843
"5651",1,43.661471,-70.2553259
"5661",1,43.6971294,-114.3517172
"5671",1,43.7012135,7.2743197
"5681",1,43.7508284,-87.71453
"5691",3,43.7844397,-88.7878678
"5701",1,43.786648,7.44438
"5712",3,43.8041334,-120.5542012
"5721",5,43.8169837,-79.532157
"5731",1,43.8849394,-121.4328298
"5741",1,43.9653889,-70.8226541
"5751",1,43.9695148,-99.9018131
"5761",1,43.993623,-78.60736
"5771",2,44.0520691,-123.0867536
"5781",4,44.3148443,-85.6023643
"5791",1,44.4582983,-93.161604
"5801",1,44.534163,-111.3903599
"5812",1,44.5588028,-72.5778415
"5821",1,44.5660691,-92.5369563
"5831",1,44.764187,-85.6195376
"5841",1,44.7717522,-96.6876197
"5851",1,44.811349,-91.4984941
"5861",1,44.871303,-93.406255
"5871",1,44.9077453,-116.0985554
"5881",1,44.9192844,-123.3170472
"5891",1,44.926408,-88.7485999
"5901",1,44.9530215,-92.9952153
"5912",2,44.9537029,-93.0899578
"5921",2,44.977753,-93.2650108
"5931",1,45.0644418,-93.3083319
"5941",1,45.2969151,-75.926823
"5951",1,45.4654219,9.1859243
"5961",1,45.485287,-122.542636
"5971",3,45.5016889,-73.567256
"5981",1,45.5117567,-122.6842859
"5991",3,45.5230622,-122.6764816
"6001",1,45.5579451,-94.1632404
"6012",1,45.8080597,9.0851765
"6021",1,46.1381676,-122.9381672
"6031",1,46.194054,21.30299
"6041",2,46.227638,2.213749
"6051",1,46.3237423,-120.0086538
"6061",1,46.510712,-63.4168136
"6071",3,46.729553,-94.6858998
"6081",4,46.8138783,-71.2079809
"6091",1,47.0378741,-122.9006951
"6102",1,47.0977044,-88.4131758
"6112",1,47.1584462,-122.3775948
"6121",1,47.3223221,-122.3126222
"6131",1,47.5514926,-101.0020119
"6141",9,47.6062095,-122.3320708
"6151",1,47.6101497,-122.2015159
"6161",1,47.67648,-116.796398
"6171",2,47.7510741,-120.7401386
"6181",1,47.837979,-122.3001172
"6191",1,48.1446427,6.3355935
"6201",2,48.4751998,-81.3318545
"6212",1,48.475753,-122.329437
"6221",1,48.7074303,2.1750239
"6231",1,48.7786908,-123.7079416
"6241",1,48.8245306,2.2743419
"6251",1,48.856614,2.3522219
"6261",1,48.8798704,0.1712529
"6271",1,49.0270129,1.151361
"6281",1,49.1966913,-123.1815123
"6291",1,49.2488091,-122.9805104
"6301",7,49.2827291,-123.1207375
"6312",1,49.3348973,-123.1667847
"6321",1,49.714528,7.3071512
"6331",1,49.895136,-97.1383744
"6341",1,50.4452112,-104.6188944
"6351",1,50.503887,4.469936
"6361",1,50.6411215,17.7948189
"6371",4,51.0486151,-114.0708459
"6381",1,51.052672,-114.0369791
"6391",2,51.165691,10.451526
"6401",1,51.23622,-0.570409
"6412",3,51.253775,-85.3232139
"6421",1,51.2787075,0.5217254
"6431",1,51.4519021,0.1171786
"6441",2,51.454513,-2.58791
"6451",1,51.4740846,-0.0930137
"6461",4,51.5073509,-0.1277583
"6471",1,51.5554913,-107.9910335
"6481",1,52.2446266,4.8317337
"6491",3,52.3555177,-1.1743197
"6501",1,52.5143815,4.9640611
"6512",1,52.6308859,1.297355
"6521",1,52.9547832,-1.1581086
"6531",1,53.1423672,-7.6920536
"6541",1,53.5587003,108.1649964
"6551",1,53.592974,-113.571707
"6561",2,53.7266683,-127.6476206
"6571",1,53.7632254,-2.7044052
"6581",1,53.7670855,-2.6983209
"6591",1,53.9332706,-116.5765035
"6601",1,54.3181598,48.3837914
"6612",1,54.3520252,18.6466384
"6621",1,54.516246,-6.0580106
"6631",1,54.7294099,-1.8811598
"6641",1,55.185467,-1.513952
"6651",3,55.378051,-3.435973
"6661",1,55.755826,37.6173
"6671",7,56.130366,-106.346771
"6681",1,60.472024,8.468946
"6691",2,61.52401,105.318756
"6701",1,62.4113634,-149.0729715
"6712",1,64.2008413,-149.4936733
